{"cameraMode":{"drawMode":0,"name":"Shaded","section":"Shading Mode"},"sceneLighting":false,"audioPlay":false,"sceneViewState":{"m_AlwaysRefresh":false,"showFog":true,"showSkybox":true,"showFlares":true,"showImageEffects":true,"showParticleSystems":true,"showVisualEffectGraphs":true,"m_FxEnabled":true},"in2DMode":false,"pivot":{"x":0.7306635975837708,"y":4.847789764404297,"z":-0.36334729194641116},"rotation":{"x":0.6543335318565369,"y":0.011341718956828118,"z":-0.009815739467740059,"w":0.7560577392578125},"size":6.194121360778809,"orthographic":false}